{
    "Logistic Regression": 0.9348928385181581,
    "Naive Bayes": 0.8938157212906173,
    "Linear SVC": 0.937209231774252
}